Luiza,Oliveira,female,Edmonton,T5J 0K7,LuizaFernandesOliveira@teleworm.us,Criesuck,780-604-0296
Raissa,Souza,female,West Vancouver,V7V 1Y8,RaissaBarbosaSouza@armyspy.com,Exch1936,604-925-2357
Julieta,Correia,female,Toronto,M1L 3K7,JulietaMeloCorreia@superrito.com,Afro1937,416-434-7639
Carla,Cardoso,female,St Catharines,L2N 1S8,CarlaGomesCardoso@cuvox.de,Gredyet,905-359-7222
Joao,Cunha,male,Victoria,V8R 5A7,JoaoSouzaCunha@einrot.com,Himentionce,250-592-8756
Amanda,Ribeiro,female,Toronto,M9N 1G4,AmandaSousaRibeiro@superrito.com,Ront1988,416-241-1081
Manuela,Souza,female,Vermilion,T0B 4M0,ManuelaCardosoSouza@fleckens.hu,Entle1937,780-853-8423
Kaua,Cavalcanti,male,Toronto,M4E 2V5,KauaMeloCavalcanti@dayrep.com,Hillemeem,416-698-0576
Júlio,Melo,male,Prince George,V2L 5E5,JulioSantosMelo@gustr.com,Youlde,250-961-6916
Letícia,Almeida,female,Burlington,L7R 2G6,LeticiaPereiraAlmeida@jourrapide.com,Houghte,905-802-0867
Raissa,Cardoso,female,Welland,L3B 3Z6,RaissaMeloCardoso@fleckens.hu,Earand,905-384-7782
Caio,Alves,male,Ajax Pickering,L1W 3N9,CaioCunhaAlves@superrito.com,Becruily,289-314-4133
Arthur,Araujo,male,Whistler,V0N 1B0,ArthurCarvalhoAraujo@einrot.com,Floracer,604-938-3075
Lucas,Azevedo,male,Toronto,M1L 3K7,LucasLimaAzevedo@superrito.com,Beforing,416-819-5317
Matheus,Carvalho,male,Renfrew,K7V 1T5,MatheusOliveiraCarvalho@einrot.com,Fornexplas,613-433-1544
Emily,Lima,female,Calgary,T2P 0W4,EmilyAlmeidaLima@cuvox.de,Mardaids1992,403-726-8085
Isabelle,Carvalho,female,Bella Bella,V0T 1B0,IsabelleRodriguesCarvalho@fleckens.hu,Sireate,250-957-0392
André,Castro,male,Fort Mcmurray,T9H 3J9,AndreBarbosaCastro@armyspy.com,Fromastlese,780-799-7485
Luana,Castro,female,London,N6B 3L5,LuanaRibeiroCastro@gustr.com,Edwasiond,519-868-9504
Daniel,Martins,male,Camrose,T4V 1V4,DanielRochaMartins@armyspy.com,Gairtial,780-608-1962
Cauã,Sousa,male,Aylmer,N5H 1L2,CauaGoncalvesSousa@teleworm.us,Frects86,519-779-5637
Antônio,Carvalho,male,Parry Sound,P2A 1W8,AntonioBarrosCarvalho@superrito.com,Wasibuntold,705-746-8686
Letícia,Cavalcanti,female,Hebertville Station,G0W 1T0,LeticiaOliveiraCavalcanti@jourrapide.com,Staket,418-343-8354
Breno,Cavalcanti,male,Toronto,M5T 1T4,BrenoSouzaCavalcanti@teleworm.us,Sugh1956,416-883-9770
Breno,Cunha,male,Peterborough,K9H 2L1,BrenoMeloCunha@armyspy.com,Pask1972,705-868-5701
Júlio,Melo,male,Forest,N0N 1J0,JulioCostaMelo@dayrep.com,Frook1974,519-786-1055
Julian,Goncalves,male,Ottawa,K1H 7Z1,JulianBarrosGoncalves@rhyta.com,Itimpoing,613-889-9320
Leonor,Goncalves,female,Calgary,T2V 2W2,LeonorMeloGoncalves@gustr.com,Derche44,403-512-5129
Nicolas,Alves,male,Madoc,K0K 2K0,NicolasRodriguesAlves@einrot.com,Spond1961,613-473-0297
Tiago,Ribeiro,male,Burnaby,V5G 1J9,TiagoCavalcantiRibeiro@rhyta.com,Behonell48,604-422-1787
Lavinia,Goncalves,female,Toronto,M1L 3K7,LaviniaPintoGoncalves@dayrep.com,Tistonedide,416-436-2052
Laura,Barros,female,Calgary,T2V 2W2,LauraSilvaBarros@superrito.com,Wasooked,403-809-8753
Júlia,Oliveira,female,St Jerome,J7Z 4V1,JuliaAlvesOliveira@cuvox.de,Littleth1966,450-512-5399
Luiza,Melo,female,Toronto,M3B 2W6,LuizaAzevedoMelo@jourrapide.com,Adind1943,416-510-3631
Luiza,Melo,female,Nordegg,T0M 2H0,LuizaOliveiraMelo@armyspy.com,Youreput,403-721-3716
Leonardo,Goncalves,male,Elk Point,T0A 1A0,LeonardoFerreiraGoncalves@dayrep.com,Alut1943,780-724-0850
Leonardo,Cavalcanti,male,Burnaby,V5B 3C9,LeonardoGomesCavalcanti@cuvox.de,Comilly,604-294-2819
Amanda,Barbosa,female,Alexandra,C1B 0P2,AmandaMeloBarbosa@fleckens.hu,Knotnint,902-368-9672
Vitoria,Souza,female,Oyama,V0H 1W0,VitoriaSousaSouza@dayrep.com,Pretrusiona,250-548-9249
Igor,Castro,male,Alexandra,C1B 0P2,IgorAlmeidaCastro@cuvox.de,Meated,902-368-2364
Livia,Correia,female,Oakville,L6H 3H5,LiviaGoncalvesCorreia@rhyta.com,Winget88,905-466-4306
Alex,Barbosa,male,Hudson Bay,S4P 3Y2,AlexCunhaBarbosa@einrot.com,Perainchis,306-865-0535
Emilly,Azevedo,female,Toronto,M6E 1R1,EmillyAlmeidaAzevedo@rhyta.com,Gles1965,416-656-6202
Luiza,Martins,female,Stouffville,L4A 1T2,LuizaSilvaMartins@cuvox.de,Phisiber,905-642-1746
Livia,Lima,female,Clermont,G4A 1J8,LiviaRibeiroLima@gustr.com,Resome,418-439-8954
Melissa,Almeida,female,Owen Sound,N4K 5N5,MelissaBarbosaAlmeida@einrot.com,Nobster,519-270-7811
Fábio,Castro,male,Calgary,T2V 2W2,FabioBarrosCastro@superrito.com,Swel1985,403-828-1675
Guilherme,Cunha,male,Elliot Lake,P5A 2A1,GuilhermeGomesCunha@rhyta.com,Ducts1962,705-848-7671
Ryan,Pereira,male,Logan Lake,V0K 1W0,RyanAlvesPereira@gustr.com,Houstent,250-523-2135
Ágatha,Sousa,female,Sanmaur,G0X 3R0,AgathaPintoSousa@armyspy.com,Recamus,819-666-6889
Otávio,Barbosa,male,Regina,S4S 2R3,OtavioCunhaBarbosa@teleworm.us,Fringuaing,306-761-1367
Julia,Santos,female,Vancouver,V6C 1B4,JuliaSousaSantos@einrot.com,Athim1954,604-715-8810
Nicolas,Almeida,male,Vancouver,V6B 3K9,NicolasGomesAlmeida@einrot.com,Geop1942,604-844-0382
Marina,Melo,female,Toronto,M3B 2W6,MarinaPereiraMelo@cuvox.de,Arler1931,416-449-5776
Breno,Melo,male,Prince George,V2L 5E5,BrenoGoncalvesMelo@fleckens.hu,Staves,250-614-5465
Breno,Melo,male,Albany,C0B 1A0,BrenoSilvaMelo@armyspy.com,Hastoom,902-894-6383
Sofia,Alves,female,Dawson Creek,V1G 2C4,SofiaSantosAlves@armyspy.com,Saimpook,250-719-3201
Tânia,Azevedo,female,Ottawa,K1P 5M7,TaniaRodriguesAzevedo@cuvox.de,Paturs,613-940-1276
Sarah,Lima,female,Valleyfield,J6T 4R2,SarahMeloLima@gustr.com,Knougguent1960,450-802-3290
Tânia,Castro,female,Dalmeny,S4P 3Y2,TaniaFernandesCastro@armyspy.com,Thadd1938,306-254-7624
Beatrice,Rocha,female,Mica Creek,V0E 2L0,BeatriceAlmeidaRocha@cuvox.de,Noust1932,250-834-1602
Marina,Barros,female,Coquitlam,V3J 4S1,MarinaGoncalvesBarros@fleckens.hu,Beftelf,604-936-7236
Tânia,Lima,female,Granby,J2H 2H5,TaniaOliveiraLima@fleckens.hu,Obsing,450-531-4121
Carolina,Rodrigues,female,Montreal,H4N 3C5,CarolinaSousaRodrigues@fleckens.hu,Atted1949,514-895-3601
Cauã,Carvalho,male,Quesnel,V2J 2R5,CauaBarrosCarvalho@jourrapide.com,Wiffor,250-991-5659
Martim,Alves,male,Ituna,S0A 1N0,MartimBarbosaAlves@armyspy.com,Onfould,306-795-2094
André,Souza,male,Toronto,M4W 1J7,AndreAlmeidaSouza@superrito.com,Suffected1946,416-960-4000
Douglas,Melo,male,Saulnierville,B0W 2Z0,DouglasPereiraMelo@teleworm.us,Miltailost,902-260-3782
Tiago,Rodrigues,male,Fort Smith,X0E 0P0,TiagoCardosoRodrigues@teleworm.us,Agelf1951,867-872-7319
Bruno,Gomes,male,Nanaimo,V9R 5H9,BrunoPintoGomes@cuvox.de,Fintich,250-729-8191
Kauã,Martins,male,Tiverton,N0G 2T0,KauaFerreiraMartins@einrot.com,Aliampat,519-368-0932
Otávio,Cavalcanti,male,Mindemoya,P0P 1S0,OtavioCastroCavalcanti@fleckens.hu,Suchatedly1957,705-377-3543
Gustavo,Lima,male,Ottawa,K1Z 7B5,GustavoAraujoLima@cuvox.de,Foraced,613-301-1521
Mariana,Barbosa,female,Calgary,T2E 6J8,MarianaOliveiraBarbosa@einrot.com,Beeney91,403-466-6430
Guilherme,Rodrigues,male,Port Elgin,N0H 2C0,GuilhermeSousaRodrigues@einrot.com,Weactiond,519-708-0036
Kauan,Cunha,male,Calgary,T2C 2P3,KauanAraujoCunha@cuvox.de,Frarte,403-723-6979
André,Lima,male,Vancouver,V6B 3K9,AndreFernandesLima@rhyta.com,Mintough,604-642-5488
Bianca,Almeida,female,Manseau,G0X 1V0,BiancaRochaAlmeida@einrot.com,Greeir,819-356-4665
Danilo,Ferreira,male,Medicine Hat,T1A 0N1,DaniloSantosFerreira@rhyta.com,Areaddre,403-528-1288
Caio,Dias,male,Etobicoke,M9W 1K7,CaioPintoDias@einrot.com,Flut1993,416-645-0084
Joao,Dias,male,Otterville,N0J 1R0,JoaoCardosoDias@cuvox.de,Darday,519-879-5179
Vitór,Rodrigues,male,Grise Fiord,X0A 0J0,VitorPereiraRodrigues@rhyta.com,Appremuch1956,867-980-0587
Sarah,Azevedo,female,Calgary,T2M 0X4,SarahMartinsAzevedo@superrito.com,Fourgaver1991,403-289-8654
Giovanna,Azevedo,female,Carmacks,Y0B 1C0,GiovannaCorreiaAzevedo@rhyta.com,Awaysed,867-863-2212
Luiza,Ribeiro,female,Chilliwack,V2P 2M1,LuizaCardosoRibeiro@gustr.com,Theressuard,604-407-5590
Joao,Azevedo,male,Hines Creek,T0H 2A0,JoaoSousaAzevedo@cuvox.de,Pentat1987,780-494-9335
Julia,Santos,female,Vancouver,V6C 1B4,JuliaBarrosSantos@jourrapide.com,Latepred,778-883-4796
Miguel,Souza,male,South Bar,B1P 2Y3,MiguelFerreiraSouza@teleworm.us,Wifearmas1948,902-549-4799
Luan,Silva,male,Carlyle,S4P 3Y2,LuanCostaSilva@gustr.com,Bleall,306-453-5808
Paulo,Martins,male,Toronto,M5T 1T4,PauloFerreiraMartins@rhyta.com,Satterep,416-349-2596
Isabella,Rocha,female,Toronto,M1S 1T4,IsabellaBarbosaRocha@armyspy.com,Ablessi,647-212-7661
Tomás,Ribeiro,male,Penticton,V2A 2V6,TomasAlmeidaRibeiro@einrot.com,Brigingening,250-460-1599
Daniel,Carvalho,male,Edmonton,T5J 0K7,DanielSantosCarvalho@fleckens.hu,Romble,780-495-3405
Luan,Correia,male,Toronto,M4W 1J7,LuanMeloCorreia@cuvox.de,Werimaid,416-983-8626
Leila,Lima,female,Toronto,M5J 2R8,LeilaCunhaLima@armyspy.com,Ding1985,647-889-7953
Marina,Castro,female,Oakville,L6L 2X5,MarinaDiasCastro@dayrep.com,Vand1973,289-242-0517
Alice,Rocha,female,Oakville,L6J 3X4,AliceSousaRocha@cuvox.de,Hourgen,905-338-9145
Bruna,Cavalcanti,female,Montreal,H4A 1H3,BrunaGomesCavalcanti@cuvox.de,Lithatinquir,514-244-3735
Bruna,Castro,female,Wheatley,N0P 2P0,BrunaCorreiaCastro@superrito.com,Thaster,519-825-6245
Letícia,Ribeiro,female,Stittsville,K2S 1B9,LeticiaSantosRibeiro@teleworm.us,Poicheir38,613-836-4822